symbol,year,month,day,open,volume
Amazon,2010,1,4,6.8125,151998000
Amazon,2010,1,5,6.6715,177038000
Amazon,2010,1,6,6.73,143576000
Amazon,2010,1,7,6.6005,220604000
Amazon,2010,1,8,6.528,196610000
Amazon,2010,1,11,6.631,175588000
Amazon,2010,1,12,6.4495,181926000
Amazon,2010,1,13,6.395,214464000
Amazon,2010,1,14,6.457,195498000
Amazon,2010,1,15,6.459,307530000
Amazon,2010,1,19,6.3155,177852000
Amazon,2010,1,20,6.3565,181494000
Amazon,2010,1,21,6.363,199412000
Amazon,2010,1,22,6.28,231378000
Amazon,2010,1,25,6.105,240478000
Amazon,2010,1,26,6.028,191180000
Amazon,2010,1,27,6.0515,295306000
Amazon,2010,1,28,6.2215,545862000
Amazon,2010,1,29,6.4885,589426000
Amazon,2010,2,1,6.159,755488000
Amazon,2010,2,2,5.9395,461594000
Amazon,2010,2,3,5.856,248118000
Amazon,2010,2,4,5.932,255680000
Amazon,2010,2,5,5.794,220496000
Amazon,2010,2,8,5.969,197804000
Amazon,2010,2,9,5.91,184460000
Amazon,2010,2,10,5.9,124664000
Amazon,2010,2,11,5.8605,166870000
Amazon,2010,2,12,5.9495,161470000
Amazon,2010,2,16,6.003,178654000
Amazon,2010,2,17,5.8535,178896000
Amazon,2010,2,18,5.792,196002000
Amazon,2010,2,19,5.8955,142312000
Amazon,2010,2,22,5.8685,136146000
Amazon,2010,2,23,5.9005,141364000
Amazon,2010,2,24,5.898,147798000
Amazon,2010,2,25,5.9085,190668000
Amazon,2010,2,26,5.894,114432000
Amazon,2010,3,1,5.935,265930000
Amazon,2010,3,2,6.2505,241950000
Amazon,2010,3,3,6.27,128808000
Amazon,2010,3,4,6.299,150194000
Amazon,2010,3,5,6.4565,135386000
Amazon,2010,3,8,6.415,112118000
Amazon,2010,3,9,6.4795,121416000
Amazon,2010,3,10,6.4555,112514000
Amazon,2010,3,11,6.5225,144816000
Amazon,2010,3,12,6.71,123016000
Amazon,2010,3,15,6.585,126584000
Amazon,2010,3,16,6.562,82650000
Amazon,2010,3,17,6.6205,87176000
Amazon,2010,3,18,6.551,100426000
Amazon,2010,3,19,6.6855,178100000
Amazon,2010,3,22,6.51,107668000
Amazon,2010,3,23,6.5445,84262000
Amazon,2010,3,24,6.432,93928000
Amazon,2010,3,25,6.457,324192000
Amazon,2010,3,26,6.745,131314000
Amazon,2010,3,29,6.7685,92538000
Amazon,2010,3,30,6.787,123854000
Amazon,2010,3,31,6.8,92012000
Amazon,2010,4,1,6.79,175716000
Amazon,2010,4,5,6.6425,116330000
Amazon,2010,4,6,6.5615,159006000
Amazon,2010,4,7,6.798,118908000
Amazon,2010,4,8,6.7355,253782000
Amazon,2010,4,9,7.036,120222000
Amazon,2010,4,12,7,108906000
Amazon,2010,4,13,7.0615,95710000
Amazon,2010,4,14,7.017,158006000
Amazon,2010,4,15,7.2275,156592000
Amazon,2010,4,16,7.244,167936000
Amazon,2010,4,19,7.1175,120440000
Amazon,2010,4,20,7.1915,86234000
Amazon,2010,4,21,7.2585,147488000
Amazon,2010,4,22,7.3505,303316000
Amazon,2010,4,23,7.269,379504000
Amazon,2010,4,26,7.16,186366000
Amazon,2010,4,27,7.2775,172780000
Amazon,2010,4,28,7.1295,184706000
Amazon,2010,4,29,7.0045,126284000
Amazon,2010,4,30,7.07,122270000
Amazon,2010,5,3,6.86,113092000
Amazon,2010,5,4,6.781,253356000
Amazon,2010,5,5,6.4,189162000
Amazon,2010,5,6,6.5,203780000
Amazon,2010,5,7,6.3985,238552000
Amazon,2010,5,10,6.4865,136122000
Amazon,2010,5,11,6.4975,120882000
Amazon,2010,5,12,6.5705,118090000
Amazon,2010,5,13,6.6965,118804000
Amazon,2010,5,14,6.518,105556000
Amazon,2010,5,17,6.412,112844000
Amazon,2010,5,18,6.507,105138000
Amazon,2010,5,19,6.2755,129266000
Amazon,2010,5,20,6.132,171888000
Amazon,2010,5,21,5.895,159338000
Amazon,2010,5,24,6.1285,90718000
Amazon,2010,5,25,5.927,138268000
Amazon,2010,5,26,6.2525,139292000
Amazon,2010,5,27,6.249,94954000
Amazon,2010,5,28,6.3035,79096000
Amazon,2010,6,1,6.2485,73190000
Amazon,2010,6,2,6.201,95294000
Amazon,2010,6,3,6.3125,105538000
Amazon,2010,6,4,6.3165,109954000
Amazon,2010,6,7,6.292,131328000
Amazon,2010,6,8,6.1,229688000
Amazon,2010,6,9,6.0155,147384000
Amazon,2010,6,10,6,121236000
Amazon,2010,6,11,6.0695,84092000
Amazon,2010,6,14,6.212,78460000
Amazon,2010,6,15,6.16,90820000
Amazon,2010,6,16,6.2695,79286000
Amazon,2010,6,17,6.337,69580000
Amazon,2010,6,18,6.324,76720000
Amazon,2010,6,21,6.3395,106554000
Amazon,2010,6,22,6.1325,124144000
Amazon,2010,6,23,6.1055,109102000
Amazon,2010,6,24,6.0305,155422000
Amazon,2010,6,25,5.907,115394000
Amazon,2010,6,28,5.9425,112244000
Amazon,2010,6,29,5.813,257326000
Amazon,2010,6,30,5.429,194814000
Amazon,2010,7,1,5.445,170596000
Amazon,2010,7,2,5.546,89542000
Amazon,2010,7,6,5.5325,104386000
Amazon,2010,7,7,5.492,98820000
Amazon,2010,7,8,5.751,135500000
Amazon,2010,7,9,5.8275,81302000
Amazon,2010,7,12,5.8905,95672000
Amazon,2010,7,13,6.0345,141822000
Amazon,2010,7,14,6.1515,105140000
Amazon,2010,7,15,6.0065,120954000
Amazon,2010,7,16,6.064,124558000
Amazon,2010,7,19,5.919,100618000
Amazon,2010,7,20,6.0305,135700000
Amazon,2010,7,21,6.031,100234000
Amazon,2010,7,22,5.9355,300068000
Amazon,2010,7,23,5.2965,848422000
Amazon,2010,7,26,5.913,222756000
Amazon,2010,7,27,5.9215,155922000
Amazon,2010,7,28,5.85,109446000
Amazon,2010,7,29,5.8995,123516000
Amazon,2010,7,30,5.7765,141550000
Amazon,2010,8,2,5.9575,108874000
Amazon,2010,8,3,6,119076000
Amazon,2010,8,4,6.153,185416000
Amazon,2010,8,5,6.3385,85646000
Amazon,2010,8,6,6.336,101304000
Amazon,2010,8,9,6.423,101716000
Amazon,2010,8,10,6.3975,114138000
Amazon,2010,8,11,6.405,110834000
Amazon,2010,8,12,6.188,87358000
Amazon,2010,8,13,6.303,79532000
Amazon,2010,8,16,6.1805,80494000
Amazon,2010,8,17,6.367,100894000
Amazon,2010,8,18,6.4625,158030000
Amazon,2010,8,19,6.461,111650000
Amazon,2010,8,20,6.36,83402000
Amazon,2010,8,23,6.393,77226000
Amazon,2010,8,24,6.2705,107394000
Amazon,2010,8,25,6.1925,106890000
Amazon,2010,8,26,6.3575,93890000
Amazon,2010,8,27,6.273,101600000
Amazon,2010,8,30,6.3015,68520000
Amazon,2010,8,31,6.1425,84512000
Amazon,2010,9,1,6.318,142766000
Amazon,2010,9,2,6.6085,108148000
Amazon,2010,9,3,6.8445,131624000
Amazon,2010,9,7,6.878,77660000
Amazon,2010,9,8,6.8965,116570000
Amazon,2010,9,9,7.0195,99160000
Amazon,2010,9,10,7.0375,100872000
Amazon,2010,9,13,7.2035,101548000
Amazon,2010,9,14,7.225,86388000
Amazon,2010,9,15,7.244,98072000
Amazon,2010,9,16,7.27,116540000
Amazon,2010,9,17,7.445,145192000
Amazon,2010,9,20,7.435,128988000
Amazon,2010,9,21,7.538,150840000
Amazon,2010,9,22,7.492,132248000
Amazon,2010,9,23,7.56,141312000
Amazon,2010,9,24,7.7715,211812000
Amazon,2010,9,27,8.011,128926000
Amazon,2010,9,28,7.992,169884000
Amazon,2010,9,29,7.9515,145750000
Amazon,2010,9,30,8.0005,152120000
Amazon,2010,10,1,7.854,173668000
Amazon,2010,10,4,7.6975,106930000
Amazon,2010,10,5,7.854,112400000
Amazon,2010,10,6,8.03,121216000
Amazon,2010,10,7,7.8255,92440000
Amazon,2010,10,8,7.759,138368000
Amazon,2010,10,11,7.7445,89728000
Amazon,2010,10,12,7.6255,105616000
Amazon,2010,10,13,7.8345,112656000
Amazon,2010,10,14,7.758,80482000
Amazon,2010,10,15,7.921,202710000
Amazon,2010,10,18,8.25,126626000
Amazon,2010,10,19,8.034,150500000
Amazon,2010,10,20,7.939,115808000
Amazon,2010,10,21,8.1335,269650000
Amazon,2010,10,22,8.1225,326368000
Amazon,2010,10,25,8.5785,130618000
Amazon,2010,10,26,8.3785,93792000
Amazon,2010,10,27,8.4455,114436000
Amazon,2010,10,28,8.4155,93688000
Amazon,2010,10,29,8.29,99970000
Amazon,2010,11,1,8.2225,104798000
Amazon,2010,11,2,8.1875,85200000
Amazon,2010,11,3,8.27,122242000
Amazon,2010,11,4,8.493,147918000
Amazon,2010,11,5,8.4675,104244000
Amazon,2010,11,8,8.542,114120000
Amazon,2010,11,9,8.6335,79572000
Amazon,2010,11,10,8.5295,108806000
Amazon,2010,11,11,8.55,113834000
Amazon,2010,11,12,8.506,143212000
Amazon,2010,11,15,8.258,192972000
Amazon,2010,11,16,7.937,131428000
Amazon,2010,11,17,7.892,90498000
Amazon,2010,11,18,8.037,124506000
Amazon,2010,11,19,8.1975,89296000
Amazon,2010,11,22,8.255,122850000
Amazon,2010,11,23,8.4305,129306000
Amazon,2010,11,24,8.5765,200850000
Amazon,2010,11,26,8.868,85432000
Amazon,2010,11,29,8.9995,193900000
Amazon,2010,11,30,8.8475,135244000
Amazon,2010,12,1,8.958,115402000
Amazon,2010,12,2,8.843,110752000
Amazon,2010,12,3,8.775,98150000
Amazon,2010,12,6,8.776,113084000
Amazon,2010,12,7,9.025,101542000
Amazon,2010,12,8,8.8745,74538000
Amazon,2010,12,9,8.8885,91110000
Amazon,2010,12,10,8.744,71310000
Amazon,2010,12,13,8.8165,84050000
Amazon,2010,12,14,8.714,73706000
Amazon,2010,12,15,8.686,116210000
Amazon,2010,12,16,8.779,82430000
Amazon,2010,12,17,8.9205,90146000
Amazon,2010,12,20,8.9635,174706000
Amazon,2010,12,21,9.194,102220000
Amazon,2010,12,22,9.25,51562000
Amazon,2010,12,23,9.217,67164000
Amazon,2010,12,27,9.095,44988000
Amazon,2010,12,28,9.105,39500000
Amazon,2010,12,29,9.09,62402000
Amazon,2010,12,30,9.196,39224000
Amazon,2010,12,31,9.098,69038000
Amazon,2011,1,3,9.0685,106628000
Amazon,2011,1,4,9.3075,100636000
Amazon,2011,1,5,9.205,68376000
Amazon,2011,1,6,9.325,63594000
Amazon,2011,1,7,9.394,104434000
Amazon,2011,1,10,9.252,67518000
Amazon,2011,1,11,9.271,56284000
Amazon,2011,1,12,9.268,53582000
Amazon,2011,1,13,9.18,67340000
Amazon,2011,1,14,9.275,73256000
Amazon,2011,1,18,9.433,77924000
Amazon,2011,1,19,9.545,77648000
Amazon,2011,1,20,9.2645,114198000
Amazon,2011,1,21,9.15,136124000
Amazon,2011,1,24,8.8975,112006000
Amazon,2011,1,25,8.775,93020000
Amazon,2011,1,26,8.8755,75244000
Amazon,2011,1,27,8.874,291888000
Amazon,2011,1,28,8.5725,398164000
Amazon,2011,1,31,8.508,134362000
Amazon,2011,2,1,8.526,101718000
Amazon,2011,2,2,8.571,90950000
Amazon,2011,2,3,8.675,73578000
Amazon,2011,2,4,8.7,86956000
Amazon,2011,2,7,8.8075,105094000
Amazon,2011,2,8,8.833,155898000
Amazon,2011,2,9,9.1575,166254000
Amazon,2011,2,10,9.2195,106628000
Amazon,2011,2,11,9.278,89758000
Amazon,2011,2,14,9.4625,81226000
Amazon,2011,2,15,9.4365,77818000
Amazon,2011,2,16,9.4885,92564000
Amazon,2011,2,17,9.2885,68510000
Amazon,2011,2,18,9.377,83572000
Amazon,2011,2,22,9.184,112742000
Amazon,2011,2,23,9.0125,109640000
Amazon,2011,2,24,8.843,93130000
Amazon,2011,2,25,8.9475,83828000
Amazon,2011,2,28,8.6955,135664000
Amazon,2011,3,1,8.6765,116942000
Amazon,2011,3,2,8.4545,103714000
Amazon,2011,3,3,8.6855,82764000
Amazon,2011,3,4,8.631,98486000
Amazon,2011,3,7,8.596,118658000
Amazon,2011,3,8,8.4695,84380000
Amazon,2011,3,9,8.3335,142178000
Amazon,2011,3,10,8.3535,119968000
Amazon,2011,3,11,8.275,92198000
Amazon,2011,3,14,8.33,80440000
Amazon,2011,3,15,8.0695,98690000
Amazon,2011,3,16,8.235,104162000
Amazon,2011,3,17,8.2955,129428000
Amazon,2011,3,18,8.0595,148854000
Amazon,2011,3,21,8.1685,81102000
Amazon,2011,3,22,8.2035,72228000
Amazon,2011,3,23,8.115,94426000
Amazon,2011,3,24,8.4105,125664000
Amazon,2011,3,25,8.582,85876000
Amazon,2011,3,28,8.59,68016000
Amazon,2011,3,29,8.5365,97692000
Amazon,2011,3,30,8.889,137186000
Amazon,2011,3,31,8.9655,96530000
Amazon,2011,4,1,9.079,113682000
Amazon,2011,4,4,9.0445,83728000
Amazon,2011,4,5,9.105,111384000
Amazon,2011,4,6,9.3075,108614000
Amazon,2011,4,7,9.139,91280000
Amazon,2011,4,8,9.263,74528000
Amazon,2011,4,11,9.243,65942000
Amazon,2011,4,12,9.153,106690000
Amazon,2011,4,13,9.0415,84326000
Amazon,2011,4,14,9.0695,71764000
Amazon,2011,4,15,9.05,85448000
Amazon,2011,4,18,8.919,92330000
Amazon,2011,4,19,8.9175,52920000
Amazon,2011,4,20,9.081,81350000
Amazon,2011,4,21,9.228,66962000
Amazon,2011,4,25,9.2825,68762000
Amazon,2011,4,26,9.3135,224000000
Amazon,2011,4,27,9.16,472460000
Amazon,2011,4,28,9.798,146000000
Amazon,2011,4,29,9.719,132818000
Amazon,2011,5,2,9.8285,187962000
Amazon,2011,5,3,10.05,122000000
Amazon,2011,5,4,9.9125,131000000
Amazon,2011,5,5,9.933,92000000
Amazon,2011,5,6,9.955,80278000
Amazon,2011,5,9,9.917,116508000
Amazon,2011,5,10,10.097,117718000
Amazon,2011,5,11,10.156,96180000
Amazon,2011,5,12,10.211,96000000
Amazon,2011,5,13,10.285,82474000
Amazon,2011,5,16,10.027,187728000
Amazon,2011,5,17,9.591,141466000
Amazon,2011,5,18,9.7065,99116000
Amazon,2011,5,19,9.9165,74024000
Amazon,2011,5,20,9.8975,67620000
Amazon,2011,5,23,9.778,84000000
Amazon,2011,5,24,9.85,59454000
Amazon,2011,5,25,9.6785,93226000
Amazon,2011,5,26,9.562,81504000
Amazon,2011,5,27,9.738,47052000
Amazon,2011,5,31,9.797,68180000
Amazon,2011,6,1,9.803,68904000
Amazon,2011,6,2,9.614,60898000
Amazon,2011,6,3,9.5615,99490000
Amazon,2011,6,6,9.4005,74320000
Amazon,2011,6,7,9.286,97330000
Amazon,2011,6,8,9.3725,74332000
Amazon,2011,6,9,9.487,83746000
Amazon,2011,6,10,9.4625,75208000
Amazon,2011,6,13,9.3405,77378000
Amazon,2011,6,14,9.4495,79206000
Amazon,2011,6,15,9.402,126354000
Amazon,2011,6,16,9.287,120642000
Amazon,2011,6,17,9.3255,126444000
Amazon,2011,6,20,9.298,56634000
Amazon,2011,6,21,9.415,83652000
Amazon,2011,6,22,9.698,62594000
Amazon,2011,6,23,9.475,92192000
Amazon,2011,6,24,9.694,72290000
Amazon,2011,6,27,9.725,122014000
Amazon,2011,6,28,10.096,76506000
Amazon,2011,6,29,10.1335,92178000
Amazon,2011,6,30,10.039,88962000
Amazon,2011,7,1,10.2775,80174000
Amazon,2011,7,5,10.438,71704000
Amazon,2011,7,6,10.606,52152000
Amazon,2011,7,7,10.7545,62898000
Amazon,2011,7,8,10.715,74158000
Amazon,2011,7,11,10.837,80674000
Amazon,2011,7,12,10.732,79714000
Amazon,2011,7,13,10.735,84598000
Amazon,2011,7,14,10.679,78050000
Amazon,2011,7,15,10.654,81452000
Amazon,2011,7,18,10.6265,57962000
Amazon,2011,7,19,10.6885,88744000
Amazon,2011,7,20,11.0025,67458000
Amazon,2011,7,21,10.837,90906000
Amazon,2011,7,22,10.693,71834000
Amazon,2011,7,25,10.7745,66856000
Amazon,2011,7,26,10.7495,197272000
Amazon,2011,7,27,11.2195,259112000
Amazon,2011,7,28,11.1635,107098000
Amazon,2011,7,29,11.0645,103354000
Amazon,2011,8,1,11.25,115786000
Amazon,2011,8,2,11.016,131734000
Amazon,2011,8,3,10.6485,163942000
Amazon,2011,8,4,10.3365,131590000
Amazon,2011,8,5,10.2335,200480000
Amazon,2011,8,8,9.82,208550000
Amazon,2011,8,9,9.835,209824000
Amazon,2011,8,10,10.038,175152000
Amazon,2011,8,11,9.8505,148038000
Amazon,2011,8,12,10.014,112408000
Amazon,2011,8,15,10.103,95718000
Amazon,2011,8,16,10.057,104118000
Amazon,2011,8,17,9.9265,79822000
Amazon,2011,8,18,9.5605,165504000
Amazon,2011,8,19,9.0145,144884000
Amazon,2011,8,22,9.1415,106274000
Amazon,2011,8,23,8.946,147032000
Amazon,2011,8,24,9.6945,124974000
Amazon,2011,8,25,9.7205,75216000
Amazon,2011,8,26,9.562,106214000
Amazon,2011,8,29,10.141,90220000
Amazon,2011,8,30,10.289,118314000
Amazon,2011,8,31,10.6135,148100000
Amazon,2011,9,1,10.764,105506000
Amazon,2011,9,2,10.447,84640000
Amazon,2011,9,6,10.2385,124324000
Amazon,2011,9,7,10.94,105916000
Amazon,2011,9,8,10.915,87958000
Amazon,2011,9,9,10.7525,91486000
Amazon,2011,9,12,10.4375,106842000
Amazon,2011,9,13,10.8895,96718000
Amazon,2011,9,14,11.011,117634000
Amazon,2011,9,15,11.1995,112176000
Amazon,2011,9,16,11.3785,235060000
Amazon,2011,9,19,11.8555,164466000
Amazon,2011,9,20,12.04,147710000
Amazon,2011,9,21,11.7255,117630000
Amazon,2011,9,22,11.236,165092000
Amazon,2011,9,23,11.0255,129362000
Amazon,2011,9,26,11.374,115882000
Amazon,2011,9,27,11.711,156750000
Amazon,2011,9,28,11.3175,288738000
Amazon,2011,9,29,11.7085,187570000
Amazon,2011,9,30,10.9095,131006000
Amazon,2011,10,3,10.8505,132488000
Amazon,2011,10,4,10.481,174232000
Amazon,2011,10,5,10.6265,130164000
Amazon,2011,10,6,11.014,136986000
Amazon,2011,10,7,11.124,135686000
Amazon,2011,10,10,11.3115,102862000
Amazon,2011,10,11,11.53,100074000
Amazon,2011,10,12,11.832,130216000
Amazon,2011,10,13,11.85,96670000
Amazon,2011,10,14,12.0435,118474000
Amazon,2011,10,17,12.2145,95580000
Amazon,2011,10,18,12.1155,92194000
Amazon,2011,10,19,12.0335,134302000
Amazon,2011,10,20,11.6065,90498000
Amazon,2011,10,21,11.8455,91450000
Amazon,2011,10,24,11.801,99516000
Amazon,2011,10,25,11.9295,280252000
Amazon,2011,10,26,10.1845,482684000
Amazon,2011,10,27,10.213,215486000
Amazon,2011,10,28,10.3265,197608000
Amazon,2011,10,31,10.7895,146866000
Amazon,2011,11,1,10.4055,170236000
Amazon,2011,11,2,10.7775,122440000
Amazon,2011,11,3,10.815,106300000
Amazon,2011,11,4,10.8825,81316000
Amazon,2011,11,7,10.842,77200000
Amazon,2011,11,8,10.96,78290000
Amazon,2011,11,9,10.7475,93612000
Amazon,2011,11,10,10.675,100892000
Amazon,2011,11,11,10.626,103262000
Amazon,2011,11,14,10.7825,130444000
Amazon,2011,11,15,10.9,114780000
Amazon,2011,11,16,10.8135,110188000
Amazon,2011,11,17,10.6255,159662000
Amazon,2011,11,18,10.2665,168750000
Amazon,2011,11,21,9.6645,226424000
Amazon,2011,11,22,9.3475,198312000
Amazon,2011,11,23,9.653,160226000
Amazon,2011,11,25,9.5205,99440000
Amazon,2011,11,28,9.5825,144146000
Amazon,2011,11,29,9.739,131502000
Amazon,2011,11,30,9.738,154340000
Amazon,2011,12,1,9.5925,146554000
Amazon,2011,12,2,9.8535,150524000
Amazon,2011,12,5,9.943,118442000
Amazon,2011,12,6,9.799,104040000
Amazon,2011,12,7,9.5515,128546000
Amazon,2011,12,8,9.6785,87222000
Amazon,2011,12,9,9.5605,103176000
Amazon,2011,12,12,9.5015,86864000
Amazon,2011,12,13,9.428,185946000
Amazon,2011,12,14,8.95,232284000
Amazon,2011,12,15,9.1025,145198000
Amazon,2011,12,16,9.121,133282000
Amazon,2011,12,19,9.1,90672000
Amazon,2011,12,20,9.1345,92002000
Amazon,2011,12,21,9.096,161334000
Amazon,2011,12,22,8.7545,93898000
Amazon,2011,12,23,8.961,69930000
Amazon,2011,12,27,8.8865,59018000
Amazon,2011,12,28,8.8195,73190000
Amazon,2011,12,29,8.481,164186000
Amazon,2011,12,30,8.668,85596000
Amazon,2012,1,3,8.7945,102216000
Amazon,2012,1,4,8.9605,84104000
Amazon,2012,1,5,8.797,76182000
Amazon,2012,1,6,8.9035,140168000
Amazon,2012,1,9,9.138,101138000
Amazon,2012,1,10,9.055,79716000
Amazon,2012,1,11,8.982,62054000
Amazon,2012,1,12,8.971,107716000
Amazon,2012,1,13,8.7905,95070000
Amazon,2012,1,17,9.0075,112890000
Amazon,2012,1,18,9.097,149470000
Amazon,2012,1,19,9.544,141920000
Amazon,2012,1,20,9.5355,112206000
Amazon,2012,1,23,9.5395,91706000
Amazon,2012,1,24,9.25,93476000
Amazon,2012,1,25,9.3495,86128000
Amazon,2012,1,26,9.465,117472000
Amazon,2012,1,27,9.6545,93180000
Amazon,2012,1,30,9.684,108482000
Amazon,2012,1,31,9.7,255444000
Amazon,2012,2,1,8.6905,426732000
Amazon,2012,2,2,8.9825,174726000
Amazon,2012,2,3,9.1415,162410000
Amazon,2012,2,6,9.314,106200000
Amazon,2012,2,7,9.1325,102078000
Amazon,2012,2,8,9.2475,109532000
Amazon,2012,2,9,9.225,143784000
Amazon,2012,2,10,9.171,115942000
Amazon,2012,2,13,9.3585,121428000
Amazon,2012,2,14,9.554,190542000
Amazon,2012,2,15,9.5645,155888000
Amazon,2012,2,16,8.8895,251276000
Amazon,2012,2,17,9.0045,148362000
Amazon,2012,2,21,9.1325,135130000
Amazon,2012,2,22,9.0975,115708000
Amazon,2012,2,23,8.982,103076000
Amazon,2012,2,24,8.985,73374000
Amazon,2012,2,27,8.877,74124000
Amazon,2012,2,28,8.945,115290000
Amazon,2012,2,29,9.1945,106006000
Amazon,2012,3,1,8.9945,98720000
Amazon,2012,3,2,8.974,73156000
Amazon,2012,3,5,8.95,93654000
Amazon,2012,3,6,8.934,112244000
Amazon,2012,3,7,9.1325,99030000
Amazon,2012,3,8,9.2085,84430000
Amazon,2012,3,9,9.3395,90212000
Amazon,2012,3,12,9.2065,51752000
Amazon,2012,3,13,9.196,88116000
Amazon,2012,3,14,9.1825,73994000
Amazon,2012,3,15,9.101,83202000
Amazon,2012,3,16,9.164,98680000
Amazon,2012,3,19,9.1725,78068000
Amazon,2012,3,20,9.244,183308000
Amazon,2012,3,21,9.625,84288000
Amazon,2012,3,22,9.527,74792000
Amazon,2012,3,23,9.6005,119680000
Amazon,2012,3,26,9.824,152274000
Amazon,2012,3,27,10.1795,192016000
Amazon,2012,3,28,10.307,124900000
Amazon,2012,3,29,10.064,114224000
Amazon,2012,3,30,10.251,88762000
Amazon,2012,4,2,9.901,128606000
Amazon,2012,4,3,9.912,100014000
Amazon,2012,4,4,9.8475,109138000
Amazon,2012,4,5,9.6775,64350000
Amazon,2012,4,9,9.601,62718000
Amazon,2012,4,10,9.6375,89100000
Amazon,2012,4,11,9.4815,86756000
Amazon,2012,4,12,9.403,80558000
Amazon,2012,4,13,9.495,68636000
Amazon,2012,4,16,9.4505,80886000
Amazon,2012,4,17,9.3605,56584000
Amazon,2012,4,18,9.441,80038000
Amazon,2012,4,19,9.6465,80048000
Amazon,2012,4,20,9.617,64872000
Amazon,2012,4,23,9.4495,69620000
Amazon,2012,4,24,9.434,67526000
Amazon,2012,4,25,9.5835,79102000
Amazon,2012,4,26,9.6785,204680000
Amazon,2012,4,27,11.2415,442338000
Amazon,2012,4,30,11.1975,195138000
Amazon,2012,5,1,11.47,135098000
Amazon,2012,5,2,11.391,91868000
Amazon,2012,5,3,11.487,81110000
Amazon,2012,5,4,11.39,91704000
Amazon,2012,5,7,11.118,66286000
Amazon,2012,5,8,11.1575,90448000
Amazon,2012,5,9,11.0295,74240000
Amazon,2012,5,10,11.1955,92968000
Amazon,2012,5,11,11.2975,83872000
Amazon,2012,5,14,11.28,61932000
Amazon,2012,5,15,11.325,114274000
Amazon,2012,5,16,11.25,105236000
Amazon,2012,5,17,11.2525,90110000
Amazon,2012,5,18,10.9705,104634000
Amazon,2012,5,21,10.7015,71596000
Amazon,2012,5,22,10.9155,74662000
Amazon,2012,5,23,10.7355,84876000
Amazon,2012,5,24,10.849,62822000
Amazon,2012,5,25,10.7495,43428000
Amazon,2012,5,29,10.715,53878000
Amazon,2012,5,30,10.607,81564000
Amazon,2012,5,31,10.474,98880000
Amazon,2012,6,1,10.422,79030000
Amazon,2012,6,4,10.37,85992000
Amazon,2012,6,5,10.6925,70878000
Amazon,2012,6,6,10.7315,54202000
Amazon,2012,6,7,10.9825,70078000
Amazon,2012,6,8,10.9305,57540000
Amazon,2012,6,11,10.8745,74982000
Amazon,2012,6,12,10.8825,56666000
Amazon,2012,6,13,10.776,46504000
Amazon,2012,6,14,10.763,61218000
Amazon,2012,6,15,10.7645,75704000
Amazon,2012,6,18,10.864,67392000
Amazon,2012,6,19,11.163,54332000
Amazon,2012,6,20,11.2255,48888000
Amazon,2012,6,21,11.192,56860000
Amazon,2012,6,22,11.0915,43750000
Amazon,2012,6,25,11.015,47646000
Amazon,2012,6,26,11.0725,75082000
Amazon,2012,6,27,11.2505,55984000
Amazon,2012,6,28,11.196,59896000
Amazon,2012,6,29,11.235,72288000
Amazon,2012,7,2,11.465,46614000
Amazon,2012,7,3,11.457,26634000
Amazon,2012,7,5,11.431,53646000
Amazon,2012,7,6,11.3175,64064000
Amazon,2012,7,9,11.25,38440000
Amazon,2012,7,10,11.3125,59642000
Amazon,2012,7,11,10.9475,54694000
Amazon,2012,7,12,10.8305,52324000
Amazon,2012,7,13,10.7815,44438000
Amazon,2012,7,16,10.83,40084000
Amazon,2012,7,17,10.8725,39740000
Amazon,2012,7,18,10.8075,41860000
Amazon,2012,7,19,11.0365,108988000
Amazon,2012,7,20,11.268,83400000
Amazon,2012,7,23,11.236,110302000
Amazon,2012,7,24,11.3135,100174000
Amazon,2012,7,25,11.1,72934000
Amazon,2012,7,26,11,138748000
Amazon,2012,7,27,11.2625,226278000
Amazon,2012,7,30,11.85,74728000
Amazon,2012,7,31,11.755,69072000
Amazon,2012,8,1,11.707,50876000
Amazon,2012,8,2,11.528,60962000
Amazon,2012,8,3,11.7015,56506000
Amazon,2012,8,6,11.778,36874000
Amazon,2012,8,7,11.7065,41166000
Amazon,2012,8,8,11.7645,30686000
Amazon,2012,8,9,11.6965,30962000
Amazon,2012,8,10,11.654,37050000
Amazon,2012,8,13,11.6115,39946000
Amazon,2012,8,14,11.7355,55020000
Amazon,2012,8,15,11.613,65294000
Amazon,2012,8,16,11.886,86242000
Amazon,2012,8,17,12.03,61716000
Amazon,2012,8,20,12.0685,37798000
Amazon,2012,8,21,12.044,51430000
Amazon,2012,8,22,11.97,49474000
Amazon,2012,8,23,12.107,49078000
Amazon,2012,8,24,12.084,73976000
Amazon,2012,8,27,12.2895,58594000
Amazon,2012,8,28,12.1985,54846000
Amazon,2012,8,29,12.339,35452000
Amazon,2012,8,30,12.3495,72950000
Amazon,2012,8,31,12.4035,66950000
Amazon,2012,9,4,12.4135,79016000
Amazon,2012,9,5,12.3805,53052000
Amazon,2012,9,6,12.4115,107228000
Amazon,2012,9,7,12.6925,100590000
Amazon,2012,9,10,12.95,51344000
Amazon,2012,9,11,12.88,50496000
Amazon,2012,9,12,12.825,45464000
Amazon,2012,9,13,12.747,70512000
Amazon,2012,9,14,13.07,73324000
Amazon,2012,9,17,13.0625,46126000
Amazon,2012,9,18,12.924,44300000
Amazon,2012,9,19,12.9725,52736000
Amazon,2012,9,20,13.0015,58272000
Amazon,2012,9,21,13.087,121186000
Amazon,2012,9,24,12.761,54158000
Amazon,2012,9,25,12.8165,88116000
Amazon,2012,9,26,12.62,58410000
Amazon,2012,9,27,12.527,67948000
Amazon,2012,9,28,12.807,49132000
Amazon,2012,10,1,12.77,51624000
Amazon,2012,10,2,12.64,43916000
Amazon,2012,10,3,12.5605,54912000
Amazon,2012,10,4,12.8005,54008000
Amazon,2012,10,5,13.06,56130000
Amazon,2012,10,8,12.8835,35246000
Amazon,2012,10,9,12.9335,69896000
Amazon,2012,10,10,12.6,78966000
Amazon,2012,10,11,12.4,68946000
Amazon,2012,10,12,12.159,44064000
Amazon,2012,10,15,12.1425,59196000
Amazon,2012,10,16,12.2435,44082000
Amazon,2012,10,17,12.1685,66054000
Amazon,2012,10,18,12.3885,106106000
Amazon,2012,10,19,12.258,87906000
Amazon,2012,10,22,11.9405,90000000
Amazon,2012,10,23,11.5525,88616000
Amazon,2012,10,24,11.794,73574000
Amazon,2012,10,25,11.546,134826000
Amazon,2012,10,26,11.43,227350000
Amazon,2012,10,31,11.816,95952000
Amazon,2012,11,1,11.7115,78102000
Amazon,2012,11,2,11.7005,67494000
Amazon,2012,11,5,11.602,36922000
Amazon,2012,11,6,11.7705,53226000
Amazon,2012,11,7,11.7825,72484000
Amazon,2012,11,8,11.611,59648000
Amazon,2012,11,9,11.313,61850000
Amazon,2012,11,12,11.3295,42576000
Amazon,2012,11,13,11.256,52596000
Amazon,2012,11,14,11.325,60682000
Amazon,2012,11,15,11.115,68094000
Amazon,2012,11,16,11.0655,87056000
Amazon,2012,11,19,11.416,71824000
Amazon,2012,11,20,11.5,55434000
Amazon,2012,11,21,11.692,59186000
Amazon,2012,11,23,11.9945,35536000
Amazon,2012,11,26,12.0195,83566000
Amazon,2012,11,27,12.161,60970000
Amazon,2012,11,28,12.1225,54868000
Amazon,2012,11,29,12.4025,106210000
Amazon,2012,11,30,12.519,75948000
Amazon,2012,12,3,12.627,59812000
Amazon,2012,12,4,12.497,62294000
Amazon,2012,12,5,12.622,57044000
Amazon,2012,12,6,12.65,71158000
Amazon,2012,12,7,12.707,43406000
Amazon,2012,12,10,12.655,70076000
Amazon,2012,12,11,12.425,83704000
Amazon,2012,12,12,12.5535,52562000
Amazon,2012,12,13,12.5555,49204000
Amazon,2012,12,14,12.5055,50538000
Amazon,2012,12,17,12.4905,45540000
Amazon,2012,12,18,12.7285,99220000
Amazon,2012,12,19,13.065,46000000
Amazon,2012,12,20,12.918,51692000
Amazon,2012,12,21,12.891,94092000
Amazon,2012,12,24,12.865,19688000
Amazon,2012,12,26,12.8575,83054000
Amazon,2012,12,27,12.414,72786000
Amazon,2012,12,28,12.2925,37174000
Amazon,2012,12,31,12.1875,68380000
Amazon,2013,1,2,12.804,65420000
Amazon,2013,1,3,12.8635,55018000
Amazon,2013,1,4,12.879,37484000
Amazon,2013,1,7,13.1485,98200000
Amazon,2013,1,8,13.3535,60214000
Amazon,2013,1,9,13.4085,45312000
Amazon,2013,1,10,13.427,57268000
Amazon,2013,1,11,13.255,48266000
Amazon,2013,1,14,13.4,85500000
Amazon,2013,1,15,13.534,46538000
Amazon,2013,1,16,13.5265,41312000
Amazon,2013,1,17,13.575,37692000
Amazon,2013,1,18,13.5415,58840000
Amazon,2013,1,22,13.581,42754000
Amazon,2013,1,23,13.5285,50178000
Amazon,2013,1,24,13.4685,68340000
Amazon,2013,1,25,13.75,99362000
Amazon,2013,1,28,14.189,86428000
Amazon,2013,1,29,13.7675,203452000
Amazon,2013,1,30,14.15,261508000
Amazon,2013,1,31,13.552,135442000
Amazon,2013,2,1,13.4465,122300000
Amazon,2013,2,4,13.139,74472000
Amazon,2013,2,5,13.1,80258000
Amazon,2013,2,6,13.258,55408000
Amazon,2013,2,7,13.205,79514000
Amazon,2013,2,8,13.07,77584000
Amazon,2013,2,11,13.16,68074000
Amazon,2013,2,12,12.9595,58874000
Amazon,2013,2,13,13.0765,105860000
Amazon,2013,2,14,13.3685,69260000
Amazon,2013,2,15,13.3815,79598000
Amazon,2013,2,19,13.2955,57084000
Amazon,2013,2,20,13.51,70578000
Amazon,2013,2,21,13.256,72748000
Amazon,2013,2,22,13.331,62496000
Amazon,2013,2,25,13.347,60648000
Amazon,2013,2,26,13.0445,66972000
Amazon,2013,2,27,12.97,58162000
Amazon,2013,2,28,13.0905,53344000
Amazon,2013,3,1,13.1635,59140000
Amazon,2013,3,4,13.268,69060000
Amazon,2013,3,5,13.7,73724000
Amazon,2013,3,6,13.788,41014000
Amazon,2013,3,7,13.705,38780000
Amazon,2013,3,8,13.75,37596000
Amazon,2013,3,11,13.6715,38098000
Amazon,2013,3,12,13.55,64924000
Amazon,2013,3,13,13.762,37684000
Amazon,2013,3,14,13.4835,104534000
Amazon,2013,3,15,13.249,97318000
Amazon,2013,3,18,12.965,54404000
Amazon,2013,3,19,12.92,74770000
Amazon,2013,3,20,12.9025,54778000
Amazon,2013,3,21,12.8055,56128000
Amazon,2013,3,22,12.7275,62492000
Amazon,2013,3,25,12.929,50278000
Amazon,2013,3,26,12.8525,48420000
Amazon,2013,3,27,12.9375,57498000
Amazon,2013,3,28,13.291,49474000
Amazon,2013,4,1,13.349,50496000
Amazon,2013,4,2,13.12,52622000
Amazon,2013,4,3,13.106,48276000
Amazon,2013,4,4,12.9615,39288000
Amazon,2013,4,5,12.786,51148000
Amazon,2013,4,8,12.796,45912000
Amazon,2013,4,9,12.9425,43132000
Amazon,2013,4,10,13.089,46450000
Amazon,2013,4,11,13.237,61810000
Amazon,2013,4,12,13.506,57326000
Amazon,2013,4,15,13.554,66520000
Amazon,2013,4,16,13.4655,42744000
Amazon,2013,4,17,13.54,62702000
Amazon,2013,4,18,13.3405,62752000
Amazon,2013,4,19,12.908,52050000
Amazon,2013,4,22,12.9675,42382000
Amazon,2013,4,23,13.225,45412000
Amazon,2013,4,24,13.475,37056000
Amazon,2013,4,25,13.5765,122330000
Amazon,2013,4,26,13.4985,280600000
Amazon,2013,4,29,12.745,142340000
Amazon,2013,4,30,12.4685,84976000
Amazon,2013,5,1,12.695,87828000
Amazon,2013,5,2,12.447,78724000
Amazon,2013,5,3,12.807,70280000
Amazon,2013,5,6,12.9045,46956000
Amazon,2013,5,7,12.8155,62674000
Amazon,2013,5,8,12.8435,53540000
Amazon,2013,5,9,12.9365,55386000
Amazon,2013,5,10,13.044,62906000
Amazon,2013,5,13,13.1385,42990000
Amazon,2013,5,14,13.225,54000000
Amazon,2013,5,15,13.3535,54410000
Amazon,2013,5,16,13.298,32870000
Amazon,2013,5,17,13.2915,50546000
Amazon,2013,5,20,13.45,44180000
Amazon,2013,5,21,13.437,34824000
Amazon,2013,5,22,13.3695,66640000
Amazon,2013,5,23,13.0245,40006000
Amazon,2013,5,24,12.9925,33926000
Amazon,2013,5,28,13.324,69420000
Amazon,2013,5,29,13.273,38068000
Amazon,2013,5,30,13.2855,33350000
Amazon,2013,5,31,13.3,67486000
Amazon,2013,6,3,13.448,50878000
Amazon,2013,6,4,13.35,41772000
Amazon,2013,6,5,13.2905,70246000
Amazon,2013,6,6,13.3875,49526000
Amazon,2013,6,7,13.487,92652000
Amazon,2013,6,10,13.834,61730000
Amazon,2013,6,11,13.8,61956000
Amazon,2013,6,12,13.83,44778000
Amazon,2013,6,13,13.575,52996000
Amazon,2013,6,14,13.75,43016000
Amazon,2013,6,17,13.8175,57680000
Amazon,2013,6,18,13.954,42922000
Amazon,2013,6,19,14.063,56550000
Amazon,2013,6,20,13.757,59680000
Amazon,2013,6,21,13.7285,84020000
Amazon,2013,6,24,13.5645,77276000
Amazon,2013,6,25,13.615,48992000
Amazon,2013,6,26,13.699,60590000
Amazon,2013,6,27,13.959,50390000
Amazon,2013,6,28,13.8095,63866000
Amazon,2013,7,1,13.95,57764000
Amazon,2013,7,2,14.052,64764000
Amazon,2013,7,3,14.1,27460000
Amazon,2013,7,5,14.25,39708000
Amazon,2013,7,8,14.321,60934000
Amazon,2013,7,9,14.55,55512000
Amazon,2013,7,10,14.5705,36204000
Amazon,2013,7,11,14.7495,80146000
Amazon,2013,7,12,14.9345,90786000
Amazon,2013,7,15,15.3635,44912000
Amazon,2013,7,16,15.365,53204000
Amazon,2013,7,17,15.3485,40594000
Amazon,2013,7,18,15.3135,61276000
Amazon,2013,7,19,15.2195,59462000
Amazon,2013,7,22,15.4625,50414000
Amazon,2013,7,23,15.158,39992000
Amazon,2013,7,24,15.151,40010000
Amazon,2013,7,25,14.95,108116000
Amazon,2013,7,26,14.9775,176350000
Amazon,2013,7,29,15.5535,64236000
Amazon,2013,7,30,15.386,61068000
Amazon,2013,7,31,15.1955,37826000
Amazon,2013,8,1,15.154,59434000
Amazon,2013,8,2,15.2315,50052000
Amazon,2013,8,5,15.17,44664000
Amazon,2013,8,6,15.0255,36980000
Amazon,2013,8,7,15.0075,39220000
Amazon,2013,8,8,14.926,46868000
Amazon,2013,8,9,14.784,39006000
Amazon,2013,8,12,14.7895,30090000
Amazon,2013,8,13,14.794,46998000
Amazon,2013,8,14,14.7145,28300000
Amazon,2013,8,15,14.4395,45228000
Amazon,2013,8,16,14.3275,48450000
Amazon,2013,8,19,14.2595,49548000
Amazon,2013,8,20,14.294,31726000
Amazon,2013,8,21,14.2545,36306000
Amazon,2013,8,22,14.24,28452000
Amazon,2013,8,23,14.5605,39238000
Amazon,2013,8,26,14.5215,34234000
Amazon,2013,8,27,14.1935,49520000
Amazon,2013,8,28,14.018,29142000
Amazon,2013,8,29,14.0725,31328000
Amazon,2013,8,30,14.2295,30694000
Amazon,2013,9,3,14.2365,57952000
Amazon,2013,9,4,14.4165,48772000
Amazon,2013,9,5,14.6815,36332000
Amazon,2013,9,6,14.7665,45840000
Amazon,2013,9,9,14.861,32872000
Amazon,2013,9,10,15.0275,35568000
Amazon,2013,9,11,14.9455,34852000
Amazon,2013,9,12,14.9695,32124000
Amazon,2013,9,13,15.007,27012000
Amazon,2013,9,16,14.991,36168000
Amazon,2013,9,17,14.8815,45930000
Amazon,2013,9,18,15.203,58928000
Amazon,2013,9,19,15.6885,47018000
Amazon,2013,9,20,15.627,106046000
Amazon,2013,9,23,15.7005,37698000
Amazon,2013,9,24,15.6215,40672000
Amazon,2013,9,25,15.7265,40172000
Amazon,2013,9,26,15.695,39798000
Amazon,2013,9,27,15.846,33150000
Amazon,2013,9,30,15.6705,32472000
Amazon,2013,10,1,15.711,47928000
Amazon,2013,10,2,15.902,44348000
Amazon,2013,10,3,16.019501,53496000
Amazon,2013,10,4,15.7565,36300000
Amazon,2013,10,7,15.762,41664000
Amazon,2013,10,8,15.575,63324000
Amazon,2013,10,9,15.171,64948000
Amazon,2013,10,10,15.2315,51102000
Amazon,2013,10,11,15.2385,43262000
Amazon,2013,10,14,15.461,38782000
Amazon,2013,10,15,15.4935,45222000
Amazon,2013,10,16,15.419,43414000
Amazon,2013,10,17,15.3535,52968000
Amazon,2013,10,18,15.968,119396000
Amazon,2013,10,21,16.494499,50446000
Amazon,2013,10,22,16.386,78710000
Amazon,2013,10,23,16.542,56364000
Amazon,2013,10,24,16.481501,117694000
Amazon,2013,10,25,17.93,240736000
Amazon,2013,10,28,17.996,72716000
Amazon,2013,10,29,17.948,43708000
Amazon,2013,10,30,18.131001,90044000
Amazon,2013,10,31,18.0865,49336000
Amazon,2013,11,1,18.2815,66620000
Amazon,2013,11,4,18.006001,38768000
Amazon,2013,11,5,17.839001,40142000
Amazon,2013,11,6,18.022499,45646000
Amazon,2013,11,7,17.792999,84926000
Amazon,2013,11,8,17.297501,53138000
Amazon,2013,11,11,17.529499,45234000
Amazon,2013,11,12,17.6495,46862000
Amazon,2013,11,13,17.370001,55466000
Amazon,2013,11,14,17.869499,83196000
Amazon,2013,11,15,18.3815,89832000
Amazon,2013,11,18,18.514,54748000
Amazon,2013,11,19,18.291,38096000
Amazon,2013,11,20,18.378,35430000
Amazon,2013,11,21,18.202499,39292000
Amazon,2013,11,22,18.5,59310000
Amazon,2013,11,25,18.691,59446000
Amazon,2013,11,26,18.880501,54488000
Amazon,2013,11,27,19.174999,45394000
Amazon,2013,11,29,19.455,48120000
Amazon,2013,12,2,19.950001,94280000
Amazon,2013,12,3,19.505501,74058000
Amazon,2013,12,4,19.174999,47106000
Amazon,2013,12,5,19.3325,38130000
Amazon,2013,12,6,19.4175,39694000
Amazon,2013,12,9,19.4055,55236000
Amazon,2013,12,10,19.187,54736000
Amazon,2013,12,11,19.367001,49026000
Amazon,2013,12,12,19.063,42474000
Amazon,2013,12,13,19.266001,60500000
Amazon,2013,12,16,19.251499,45034000
Amazon,2013,12,17,19.532499,46878000
Amazon,2013,12,18,19.4615,69782000
Amazon,2013,12,19,19.713499,48544000
Amazon,2013,12,20,19.827499,100678000
